id,description,bot
3098421349,Carpet and Upholstery Cleaning Service,1
554067867,Building Praxis to support high impact  high growth entrepreneurs  Recovering journalist  grantmaker  impact investor ,1
256597786, ,1
103351486,Lead Investigator of ParaHunts,1
199973582,I make handcrafted Pillows  blankets and more   I also sell books   I have hundreds of books to choose from   Have a request  just let me know ,1
22942001,Charity partner of  theRCVS  Your hub for EBVM related news and views from the veterinary world  Tweets from the archives   vetarchives,1
338914454,Hi everyone I am Fang yu  I like playing the guitar and drawing  I would love to make freind with anybody who has stories of himself or herself ,1
139758430, ,1
2174620748,Creating a sustainable world by helping people transform fear and greed into well being and workability where possibility is the status quo  ,1
3264569385, ,1
15109265,Photographer   Digital Artist   iPhone Photographer   Workshops  on Digital and iPhone photography ,1
724324885,News Tips Info workshop Seminar Pameran Fotografi  Partnership  mediapartner idfotografer com    NextProjectID,1
35457209,We re the student health center at UW Madison   Follow us for the latest in health and wellness info  events  and contests ,1
83683408,The Park at Athens is a high quality apartment community designed around University of Georgia students  in your choice of two convenient locations just minutes,1
575402168,The official Twitter account for Westcountry Horses  Read it in your Western Morning News every Friday  Part of Trinity Mirror ,1
2512221956,Part of the  floodalerts system  this automated account tweets all Flood Alerts  Flood Warnings and Severe Flood Warnings for the county of Lancashire,1
3018439679,Primadonnas of USA  Email  ftislandusa gmail com  IG  ftisland USA,1
434308370,Head bossez  team boss Check out https   t co r DjWp QF  http   t co  bcFkHsN K  email HBzEntInfo gmail com,1
3295996710, WinterOlympics  Olympics  NBC  athletes  goldmedal  egames  ARVR  gaming  virtualreality,1
167561205,Aprendiz ,1
1068221456,tota        gmail com,1
3673821932, ,1
72126063,AMO el sarcasmo y el humor negro   si no lo entiendes  no t qjes   U U,1
3233845421,Proud of my body    Follow me,1
16313297, ,1
628493945, EmergingTalent All serious entertainers  artists  models  comedians  business owners  leaders  activists   athletes submit videos   whatgodyne gmail com,1
1622413069,MUSLIM,1
523247729, ,1
2312109649,Increasing movement and activity through Olympic weightlifting in physical education ,1
3294732860, ,1
2838900554,i am big fan of thala Live let live and love makes life live  Our face is new to our eyes but not to our hearts,1
403078748,Arrow ECS North America  Arrow Enterprise Computing Solutions is a value added distributor of IT products  services and solutions ,1
1390556054, ,1
21125645,Teacher  Jazz radio host  promoter of  AtlantaJazz  video producer  professional actor  director  writer  photographer  arts minister   creative facilitator ,1
1154538534,Hobbies  Simony  grinches                                                                                                                                   ,1
35289761,Food from The Washington Post    JoeYonan   timcarman   bonniebenwick   tomsietsema   BeckyKrystal   MauraJudkis   MattBrooksWP   FritzHahn    karaelder   more ,1
1467026630,Love or hate me i m still gonna shine     Instagram  irdhebysyaputri Path Ireyke Dheby Syaputri Line Irdhebysyaputri,1
2784221536,Romance Writer  Avid reader  Mom  Wife  Huge fan of TWD ,1
321519271,A Traditional Catholic publication dedicated to perpetuating and preserving the True Faith and Traditional Latin Mass in this time of the Great Apostasy ,1
2802302704, ,1
3581994913, ,1
312931148,When the power of love overcomes the love of power  the world will know peace   madisonfishero    ,1
961897154,We provide services and solutions utilizing the latest and best of the technologies available in the space     Web Designing  Web Development  SEO  SMM  etc ,1
2687223536,Able  Adaptable   Glum  Hot air ballooner  Artillery and Missile Officer,1
154155992,I sell quality new and used children s clothing  toys  books and more   find me on rebelmouse https   t co cGp  YdqP ,1
258478116,You re likely working more in your business instead of on your business  You want the freedom that being a business owner promised you initially ,1
2961735746, ,1
611657123, ,1
82323247,Adapt and succeed with software products from Guidewire ,1
2244794124,Selling quality flatware  silverware  and vintage costume jewelry   Top Rated eBay seller since       Create YOUR Stuffalicious Style ,1
3393094667,We curate the cyber protection channel at https   t co  mHZOMMldD Pls tell us your tips for protecting your digital life ,1
35623824,Your online radio source for Finnish Music  We play only the finest in Finnish metal  rock and pop ,1
4128024430, ,1
857490530,Art  Comics  Music  Funny T Shirts   Other Creations ,1
474263130,PTI for the many not the few  RT are NOT endorsements  prime Minister Imran khan           DO NOT FOLLOW IF YOU HAVE LESS THEN    FOLLOWERS  ,1
3231663692,                                 ,1
128466477,                            ,1
854201534,Verified RP by  animangame RP   Monshiro High School Student    A s Class Rep   Former Student Council President   Next Tono U Student ,1
1254765698, DiscordHypeSquad    BasGen Society Founding President    Volunteer at Erasmus Student Network    Universit  degli Studi di Torino       Biotechnology BSc,1
476919617, ,1
1682313314,A new venture by the guys behind award winning coffee place  CoffeeSoci t ,1
2960981093,CALIFORNIA DREAM     follow  johnpaulbarrios   ,1
3287695303, ,1
202539396,Sc   maramoo      Peter pan will forever be my destiny      ,1
2900371521, ,1
121857594,Qualifying Broker Paradise Outlook International Corporation,1
203939641,Home to the world s best emerging brands  For customer support check out  tictailhelp,1
124640990,Co creating delightful moments of a lifetime ,1
51948170,Marlene Smith  NJ Estates Real Estate Group of Weichert Realtors    B Mountain Blvd  Warren Township  NJ                marlenesmith weichert com,1
2953167296, ,1
2803341352,Cassidy   Cali  Fatherfirst  It s death before dishonor I never talk to your honor I never sit on da stand I never tell on my man,1
166882121,FB  https   t co  U  BWHnp  IG  https   t co GzAHKlFRwc,1
2965914446,Panda Lover ,1
2986196889,Finesse Companions   The ultimate in dating companions covering Greater London   Home Counties  excluding Middlesex     Hampshire  Call              ,1
2245462992,Old has gone ,1
2853501332,Visual Artist  Blogger  Activist  Animal Lover  Foodie  justbailey,1
2201333669,soy aprendiendo      ,1
3979873394, ,1
12595312,consultant  RodanFieldsHQ   fashionista   mom   coffee addict   runner fitness fanatic   travler   its all about the journey,1
47499461,Ministry offering faith based retreats   support for bereaved parents  Seeking to live well while we re waiting to be reunited with our kids in Heaven ,1
3398729818, ,1
3223536685, ,1
889795548,Unique Image Photography,1
29086373,Stand up  Writer  Video Editor  Animator  Influencee  Trophy Son ,1
2231476190,Love Twitter   like listening to songs   Tweet RT interesting  quotes     ,1
123214345, ,1
231718751,SpearPoint Marketing offers full marketing services to businesses across the United States at    hr   digital  websitedesign  PR  branding  socialmedia  AndMore,1
17861479,Realtor  Lapidary Artist gemstones  Web Designer  Web host  Jewelry  Copyright advocate,1
390146736,Smart Betty has amazing deals          off of products and services from Milton businesses   and we give back     to Milton associations and charities ,1
10086382,Indiana s premier urban public research institution  IUPUI  Fulfilling the promise  Tweets by Rachel  Kris  Courtney and Zoe with  IUComm ,1
3165751084,Music lover   Social media specialist   Hipster friendly coffeeaholic    Communicator  ,1
1630352731,sometimes dazed  often confused ,1
3064076521, ,1
193372339,One of my favorite hobbies is to cruise the inter coastal waters and camp on the islands off of Cocoa Florida   I tend to be somewhat of a homebody ,1
116010130,http   t co P p eYYqsH exporttruck eu sales representative,1
2797875551,Crowdfunding property investment made easy through our innovative market leading software  Capital at risk ,1
569043660,On a mission delivering gourmet food ingredients   Pure vanilla  Superior spices  Couverture Chocolate  Dutch Cocoa and more,1
3009372480,Quality assurance engineer at Suyati Technologies,1
3083900914,Charlie Wheatley takeover,1
82425278,Contemporary Furniture Gallery   Interior Design Solutions in Miami for private property and Hospitality Projects ,1
2971761881,Loyal   Friend   Brother   Son   Loves People,1
2903675308, ,1
14046314, streetphotography https   t co nbA Q gra ,1
1864506978,HisAndHerStore has been in business for over    years  Our focus is on the items men and woman really appreciate in their every day lives ,1
616303909,No one live forever,1
564538442,Job   career insight from the UK s biggest employers in all sectors  Managed by DWP s  Jobcentreplus  National Employer   Partnership Team,1
449255296,Ultimate Titanic is the essential collection of Titanic information from      to        Find hundreds of videos  images and resources on the Titanic now ,1
3506030840, ,1
2394624993, ,1
4302224242, ,1
55662988,Wipfli LLP Brittenford Systems  a nationally recognized consulting firm that empowers organizations to leverage fin  management  CRM    business applications ,1
830163432,Chairman on the United Republic Council and representative for the Northern Water Tribe ,1
35950289,Tampa Bay chapter of the Florida Public Relations Association  myFPRA  thinkFPRA  FPRATB,1
2394940873,We re a unique multi media marketing group  We provide services for small    musicians    charity events  TheOHIOmovement gmail com,1
349819728,Here for fun      IG   aseefar f    Hopeless Romantic,1
3199919103,man I m here for a good time not a long time if you re pickin up what I m puttin down,1
264121073,Leading international OBGYN journal  Reporting the best research in women s health from around the world since       Supports  BlueJC  Leads  CoreOutcomes,1
3976414213, ,1
3282398730, ,1
1413000943,Investment Centers of America is a full service independent broker dealer based in Bismarck  ND  with over     financial representatives located across the U S ,1
2880393984, ,1
455567062,Alternately living with recovering from complications of CVID  Former NHS clinician leader  Committed to collaboration for improvement https   t co Mu He p u ,1
3422980817, ,1
3301224100, ,1
2363099551,Offering Very Affordable Dental Excellence in Family and Cosmetic Dentistry ,1
16724972,We train you in Digital Media Arts  Graphic Design  and Broadcast Media Arts ,1
881182314, ,1
82570028,a Vet,1
3244584983, ,1
463193055,I am friendly outspoken  loves ppl   life itself  have a straight  talk   unapologetic for tht  DatDiva Durbanite to the core,1
386582662,  vip    gafaepnc   ygfam ,1
3299614305,Game Studio run  by  UberArcade   Making games  Rock for iOS and Playstaton Vita,1
250231768,The Boro Eat Beeps delivers Instant Messages about Food   Drink specials in the Murfreesboro TN area ,1
422028183,Curating the best media feeds in Edinburgh   Part of the     city The Breaking News Network  the largest community news network supporting the social good,1
472588972,Discover safe personal care products  ethical brands and  local stores  Helping the  conscious  consumer   retailer make  sustainable choices ,1
4601655193, ,1
219874207,Follow this account for geo targeted Sales job tweets in Kansas City  KS  Need help  Tweet us at  CareerArc ,1
4383007034, ,1
2391701899,Di jaKno LIFE is Crazi  Learn  Laugh  Invent  Read  Write  Discuss  Trends  Di jaKno da Imaginable  http   t co  M  uuZwkY,1
348847009, ,1
1477753758,Thanks for viewing my Twitter account   I am a licensed Realtor in the State of Wisconsin   Contact me for all your property needs ,1
2559048510, ,1
2893011943,Nikmati kerangupan berkeju Popia Cruncheese Limpahan keju yang mengasyikkan   ,1
527681453,Lazy guy want to making money online,1
35134309,https   t co QKdDFrnTRR the home for Clemson Tiger fans both online and on air  Listen from     PM on  iHeartRadio  Syndicated in Columbia   Myrtle Beach ,1
3343397847, ,1
505833082,The latest news and hot topics from Britain s family run businesses  Plus features from Generation Magazine the only magazine devoted to UK family firms ,1
3291174194, ,1
3315537879, ,1
1908756390,The Wolf is on the prowl bringing you fresh country music ,1
3166053603, ,1
593481765,It is all about Amy Lee ,1
1383114716, ,1
3281254940,SomaFM s Metal Detector  From black to doom  prog to sludge  thrash to post  stoner to crossover  punk to industrial  The metal will be detected ,1
969397086,Follow us to get the latest news about Barcelona,1
956123437,                                                             ,1
637056372,Latest Sports News From Around The world   Get Promoted Follow  PurpleAdverts   Check our likes or click https   t co hded b nkz for the Latest Sports Polls,1
788612149,Is it true that we all can make a difference  The answer is   yes  ,1
472532911,Show Time NU EST Time     The First Arab Fanbase For the Korean Urban Electro Band NU EST                    https   t co OowJjVcu k,1
165448700,Blogging about the best things to see  do and buy in Norfolk and Norwich  Posts by Lucy  PR friendly ,1
171134107, FacedownRecords    Into the Sea  a    song concept record  out now ,1
34953652,Home of real rock music   Beechwood  GospelbeacH  Handsome Jack  Mark  Porkchop  Holder  Left Lane Cruiser  James Leg  The Bonnevilles   more ,1
3287352410, ,1
868796322, ,1
580001344,Always looking for skilled videographers   photographers to join the movement  Email  StrongarmFilms    gmail com,1
116993598,Aveces se me sale el alter ego  Publicista RP  Cr tico m s que nada  quickepinto en to  la  ,1
360596538, ,1
1182747510, ,1
2957206289,Olentangy Liberty YSN,1
90905432, ,1
190754647,Committed to a better OpenText  customer experience    Please do not open Support tickets on Twitter    For technical help  visit https   t co ChIvmsfI T,1
3313759618,The BSA Guide to UK Boarding Schools  in partnership with the Boarding Schools Association  is published twice a year  March and September  ,1
2965318498,Weekly  podcast to recognize  inspire   create the  strongpreneur within you  Join free  mastermind http   t co w  MBodROP,1
1343037642, ,1
1131784363,     If u don t have anything useful to say  SHUT DA FUCK UP Brand New Me  TeamNaijaVibe,1
1174900730,Canada technology news     tweets per hour   Opinion exchanges,1
104895413,PCEC is a national non profit dedicated to spreading awareness about prostate health through early detection and research ,1
4000918709, ,1
955350116, ,1
1341355722,An Everyday Sale Outlet Store ,1
460332176,Moldmaking   Manufacturing News,1
863278244,Develop  construct  acquire   manage investment quality real estate  specializing in multi family apartments  senior communities  student housing   selfstorage ,1
458167829, ,1
2512155349,One of      s of unique automated river level accounts  part of the http   t co LJVIAhj Cp and http   t co KVOHg Kpsi systems  Email  info shoothill com,1
567588156,Tri State Ministry Center is a Bible believing  Holy Spirit filled church serving the Tri State area for over    years now  Come join us ,1
3287226222, ,1
3242533095, ,1
3410625701, ,1
23973435, StickyWow      I Make Music In Various Genres  VartistForever     For Bookings Email Mgmt StickyWow gmail com,1
349113353,We are committed to excellence in transforming lives of those we serve   seniors  affordablehousing  healthcare  supportivehousing  aging  veterans,1
2935260660, ,1
4314820157, ,1
3034488080, ,1
3164188794, ,1
61766010,Follow all the latest news on Arsenal from  TheSunFootball  SunSport,1
1291136252, ,1
2874039644,  Pastpapers   Essays   Articles   The ultimate student website  Student Bounty  Inc ,1
3288831901, ,1
173751500,With    stores nation wide  as well as an online store  we re the leading supplier of music instruments and gear for South Africa ,1
516632569,Tempest Jones is a leading Executive and Management recruitment organisation  We are straight talking  hard working and highly flexible ,1
261084272,                     ,1
3154590891,We are a home automation  designing and  installing home theaters  security systems  smart homes  green homes  automated home lighting and shades ,1
3471601759,      Roleplay of Daniel Henney   Your typical man  Husband for Ki and Papa for Deane  Dahee and Dacio ,1
764179099, ,1
3387153855, ,1
4242657261, ,1
13630852,Translator  Editor  Publisher ,1
481673572,Let the nerd do his work ,1
1378871144, hijabfashion  hijabstyle  hijabers,1
2714388032,BangaloreAdSolutions is established in Bangalore at Banaswadi which provide you Web Services SEO Friendly Web Design and Development and SEO,1
2293099507,SiriusXM Urban View ch      Conversation  Information  Inspiration  Empowerment   Solutions from African American perspective  https   t co H qwg  Lsx,1
238160951,The Investigator is an exciting digital magazine and website aimed at practitioners and academics in the   field of investigative practice ,1
276591681, ,1
2581583929,This is the twitter feed of  r arthistory on reddit  run by  Respectfullyyo   u Respectfullyyours ,1
3962411603, ,1
155790304,young educated hard working woman who loves to have fun and laugh lifes to short to stress  have fun a lil PEACE,1
202974156,                                      ,1
3303432793,The official Twitter handle for  CLNSRadio  Boston  Celtics Post Game Shows  LIVE following every Celtics game  Call in toll free               ,1
54263355, ,1
3250222040, ,1
247324832,Justnet org is the official website of the National Law Enforcement and Corrections Technology Center  A follow or RT does not constitute an endorsement ,1
16198774,Updates from across the net on all things BlackBerry ,1
194139854,Full service  sole county provider   Nationally recognized for patient satisfaction and growth for the last decade   Everyday Excellence ,1
2884456853,Co Founder   V P  at https   t co g Ajy x si  FarmsNews    AgCareers  Entrepreneur with extensive Agri network  Passion for innovation  farmers   helping feed the world ,1
1587081356,Educaci n Social,1
1700033959, ,1
3891754217, ,1
702278455,MyRadar Weather Radar and Forecasts  available on iOS  Android and Windows   Follow us for regular weather news and updates ,1
1605070976,nyimaker   ,1
712847001, ,1
12052952,Learner  Leader  Technologist   edtech  highered Tweets are mine and do not necessarily reflect the views of my employer,1
1578932334,A  theblacksheep   account with bar specials  games  and giveaways  And bad jokes  We have a serious culture problem  Not affiliated with UW ,1
163082317,Revista Car Stereo  O melhor conte do de som e customiza  o automotiva ,1
283113965,Culinary Storytellers sharing tales of food and culture from our home and travels   VaBene  theextraordinaryitaliantaste,1
2817823998,A non partisan  privately operated  twitter archive of representative tweets from the      Municipal Election in London Ontario   See  LondonVotes for analysis ,1
2189291576,Gonzaga    ,1
2990025622,Part of the Seafood Pub Company   Restaurant Mag s Pub Company of the Year  Publican s Best Food Offer       Email info towngreenbrasserie co uk,1
67679771,Sama Eyewear is the world s finest and most exclusive ultra premium eyewear company ,1
22263651,The nation s largest network of free  expert business mentors   RTs   follows   endorsements  ,1
104899180,City of Aztec  New Mexico  A desirable place to live  work and play  rich in history and small town values ,1
51474841,                   ,1
848068296,http   t co kHx eOY OR,1
2864106887,Coffee you wanted  Coffee you get  Life simple is at times  Enjoying it you should  Awesome it is ,1
394693980, ,1
304913975,Latest Hampshire news  sport  weather and events from Get Surrey  the Aldershot News   Mail and Star Courier  Also on Facebook https   t co jA fzime U,1
3257929151, ,1
85164850,Well  hello there  I m Bridget   and I like cookies  Author  Decorating Cookies and Decorating Cookies Party  My blog  Bake at     ,1
3415512285, ,1
2436275671,If you live in Honolulu  Hawaii and happen to get the Sunday News Paper and DON T use the coupon s I would happily take them off your hands   ,1
1707310794,           N            W,1
3967868833, ,1
1633515085,Life is a lesson the more you live the more you learn,1
3287027977, ,1
4274498962, ,1
2173761470,GET NOTICED ONLINE   Get found  Get leads  Get Customers  Want to know how  Talk to me  celina maxemus com au  contentmarketing  socialmedia  inboundmarketing,1
452462357, ,1
824978402,Volcanologist that loves science nature  environment and much more   ,1
2348612642,The   hr ISBN JPEG Project  Time honoured  pointless Hypermodern Imagery    posted mailed every    hours    a spectral  trajective alignment for the    s ,1
3435945359,Shaft sinkers working in mining and tunneling  Establishing and maintaining underground mine shafts and similar projects contracting ,1
18588919,Online Retailer of Collectibles,1
1386364014,                          ,1
71560604, SOULMATE    WelcomebackJaejoong D D          Welcomeback     D D         WaitingForJCSoulMate          More crime scene https   t co RC fIOIe f,1
838502514,Kids Dance Indonesia Dance Anak Indonesia FDC Kids Dance Anak Indonesia Forever Dance Crew Kids Dancer Jakarta by  FDCrew  FDCenter   https   t co yymOAB EFW,1
22297031, ,1
3251455231,                                                                                  ,1
272383381,                                                                                                                                                  ,1
3382640066, ,1
34938685, ,1
149765637,Lover of craft beer   Cigar enthusiast   Live music guy   Apple Mac fanboy   Baseball fan in general  Royals fan specifically ,1
2241040843,Real friends don t leave friends   ICS behind  firewalls   Be part of the  ICS  cybersecurity evolution  Go  unidirectional ,1
2749819601,bi   bookworm   sunset obsessed,1
3354034151,I love my nation   Biafra,1
1941596719, ,1
3032272031, ,1
2362805646,The ad exchange for craft  handmade and DIY websites  Earn points by showing ads from other crafty sites and use those points to get more traffic to your site ,1
426501554,Official Page for Job Hunters ,1
4172221638, ,1
3287882455, ,1
704523342,My life isn t perfect  but am grateful,1
1037129802, ,1
40882376,The Commonwealth Youth Programme  from the  commonwealthsec  Amplifying the voice and value of young people   Our      theme is   ourCommonwealth,1
4104904392, ,1
259398560,I love to fly  I like to touch the sky,1
543113548,GO HERE  http   t co xVCBPkTAXL For Free Naughty Fun,1
50438882, ,1
1050096331,Eeb developer  Lovin  PHP  Rails  jQuery  and other funtastic stuffs ,1
3200925057, ,1
3257925073, ,1
39194666,Music is ones words first felt  then written  and finally sung  All music is beautiful  It s ones journey through life  Music is absolutely universal ,1
1357774098, ,1
2243111964,Bears  Beets  Battlestar Galactica,1
253554752, Unforgettable Is What I Claim To Be   MIA to ATL  InfatuatedWithBeautifulWomen FOLLOW    djbullet   music  djbullet   iam,1
4004311695, ,1
4482795202,Police is your friend,1
120344682,I ve taken laps in an     hp sprint car  hit tennis balls with Bud Collins  shared an elevator with Jimmy Connors and proud to be a friend of Eli Gold  RollTide,1
4340912892, ,1
98725558, ,1
2561434105,One of      s of unique automated river level accounts  part of the http   t co LJVIAhj Cp and http   t co KVOHg Kpsi systems  Email  info shoothill com,1
3708114795, ,1
3041385205,Customer Sales Executive  Wholesale Grocer ,1
2953542846,I enjoy playing games on YouTube  Check out my if you would like ,1
2426865811,Thanks for the memories  Farewell,1
1978839685,free spirited person loves to travel OFW dancer movie lover  music lover member of AfterShock Dancers in KSA IG  simply harold   FB  Harold Jardeleza,1
322820365, ,1
162770784,We are CIMA Management Accountants and QuickBooks experts  We believe that accountancy and business advice should go hand in hand ,1
52398403,The Official Account of the Bridgewater College Eagles,1
179968583, ,1
4223896820, ,1
3177501559, ,1
3728280500,Artist  Anime  Manga  Games,1
46466493,We teach people how money works ,1
3250678471,                 ,1
3339714441,Blogger  Doctor,1
3422125696, ,1
347692993,Smart Boutique Hotel ,1
3267489874, ,1
2581159473, do not disturb ,1
347397831,Student loan lawyer  I help people with their student loan problems  I also teach The Student Loan Law Workshop ,1
17831065,Software developers  scientists  superheroes  we use technology to solve real world problems  We make great ideas real ,1
2284100936,Helping  RyersonU students develop their academic skills  Offering Academic Accommodation  English language  Math  Study Skills and Writing support ,1
1054172714, ,1
902660155,BurCom is now part of The Answer Company  For news  updates  and helpful information follow us  TheAnswerCo,1
291807276,We are a fairly new  non denominational  Christian  Bible centered church  Check us out on Facebook  https   t co McJ y  f X,1
3075701916,Make money every time someone turns on a LIGHT ,1
263590963,https   t co XeVBQ  prF is a dedicated sports betting site that serves you betting info   freebets    bettingtips,1
3015205673,Real Estate Investment News,1
15301343,An award winning marketing agency based in the heart of Lancashire specialising in all forms of Web Design  Online Marketing  Search Engine Optimisation ,1
2151712344,Anti aging Consultant Extraordinaire   let me help you with your anti aging problems relating to the mind  body and face  Our goal is to  make people better    ,1
2618602598, ,1
72793593,Stylish Eco friendly    boutique hotel in  Bournemouth Dorset   Home to the award winning ARBOR  restaurant  everything responsibly sourced   sustainable  eco,1
505000901,                          MS                                                                                         ,1
120388905,Mrs  Aryo Pradipto  Mami for Axel Ganendra Putra Pradipto  Bankers  Bank Mega   Talent   Model for CT Corps Bank Mega,1
2442864796, I finally saw them        and        Up The Irish   Saw him          and         ,1
484698262,Bringing you the best of UK heritage and cutting edge urban labels for over    years  we specialise in high quality  premium menswear ,1
2871008877,Estate Agent Websites with built in solutions for all property professional needs  Cloud based property management portal syncing analytics API CRM   More  ,1
1106935134,Welcome to Fascinating Places  it includes world s most famous natural attractions   some really amazing places to visit ,1
4368286333,voting acc,1
104449942,trust no one,1
1345970232,On a Spiritual Journey of love and light  to help others know that everything they dream about is at their finger tips if they ask and Believe,1
238968490, ,1
3299544374, ,1
1531168874,Professional Singer   Multi Tribute Artiste        s WWII Re Enactor   Vintage Vocalist   Gospel Singer   Christian TV Presenter  CHECK OUT WEBSITE   YOUTUBE ,1
3287534414, ,1
2555897181,Bvb miw botdf is life love them alot    Follow me and ill follow u back  ,1
2243449855, ,1
45805059,The first official SpringSource partner in the Philippines  Pioneer in Spring  Hibernate  Grails  AppFuse  Google App Engine   Agile Software Development ,1
3313546470,The Ultimate Experience,1
3944740275, ,1
223900261,Husband to Samantha  Father of Layla and Presley  and Executive Pastor at Strong Tower Church  My passion is helping small town pastors grow their churches ,1
3130980117,My little man makes my day without him I m lost he s my heart and soul,1
3229067995,Actor and voiceover talent turned teacher NY LA http   t co kHkv TorQm,1
377767865, ,1
2916294697,This is the official news channel for ACCA Pakistan  the global body for professional accountants  Follow us for the latest ACCA and accountancy news ,1
295864227,Just a weird soul wandering around   ,1
2286005470, ,1
290499084, ,1
41161102,Rugby wife    Mommy to my prince  ,1
485960656,The right book is waiting  Serving the Baltimore community since      ,1
63676663,SIBN powered by SaletteUSAtv is a online broadcasting network producing digital content for Internet platforms  while teaching   consulting students   clients ,1
316109708, ,1
3251632475, ,1
2966100624,                                                                       ALI PROJECT YouTube                                        Next                 ,1
2342739973,Hello  I m Millffeulle  an UTAUloid  Nice to meet you  Please talk to me  I love making friends  x   Managed by  blackkittydoll ,1
3494699914, ,1
2986060527, ,1
109170521,Indonesian Computer University     ,1
3703243514, ,1
3077047801,You can find me at http   t co oVDli UK W,1
147495812, The joy of life  on a plate is what you get each time you dine at Cafe Mangii and to go with every bite our choicest wines are always stocked up in the cellar ,1
1961028044,Heating   Cooling   Indoor Air Quality                 ,1
2749195232,We create beautiful design with passion  for startups   leading brands  https   t co tzWFsAIG N https   t co JznFQILUTF,1
2188582026,                                                                                                                                                         ,1
82101274, ,1
3237436366,Rickyl and Taehyung ,1
605565315,                    W     Lii      B                           ii c  ii  Y         ,1
1684444903, ,1
4358872343, ,1
41365886, SocialMediaSpeaker   SocialMediaTrainer   socialbusinesscoach  https   t co nnsZQ QTuw,1
436100252,MADE curates year round events that connect talent in fashion  music  art and culture with visionary brand partners ,1
388274900,StillWalks   making natural connections,1
135563795,Healthy living  Fitness enthusiast  Organizer  foodie  wife  mother  db developer,1
525685170, ,1
23041645,GP Today  Formally  totalf   has all the hottest F  news     hours a day      days a year   It is the premier and biggest F  news portal on the Internet ,1
3463464796,Pok mon and Formula  ,1
2295261625,Ultimate Fighting Championship,1
58997732, ,1
22333656,Your NEWS source for  ManOfSteel  BatmanvSuperman  justiceleaguewb films   all  Clois   Superman actors in TV   Films   Plus  WonderWomanFilm    DCEU films ,1
291615891,Official Twitter Page for Cunts Corner ,1
106281577,Pool Town of Howell  NJ is the leader in vinyl liner pools  Visit https   t co zWrTEkC jm   If you can dream it  we can build it    Sundance Spa Dealer              ,1
3829803932, ,1
1318828802,Ive been poor all my life   of it i lived in the woods with no running water electricity i became homeles about  yrs ago sweet but take no crap anything hellps ,1
91450870,This is the official Twitter page for the City of Manhattan Beach  California ,1
773679619,blue lesbian living in red state hell,1
344115992,Ek retweet want ek kan nie my denke uit bring soos ander nie,1
2320579934,Hanya menyampaikan apa yang ada dipikiran saat ini  terutama soal Man City dan sepak bola     nikmati saja gaes  diskusi boleh  ,1
44001801,Fashion Blogger  Writer   Micro Influencer  Business inquiries  myownsesnsenseoffashion gmail com,1
2943250305,send  nu clear co des ,1
15522756,We re here to help answer your questions about  ThatMoneyStuff  Just ask  creditexperts credit com,1
544382991, UX    UI   graphicdesign    webdesign specialised in the   broadcast  media  tech sectors  Contact us  BrdcstProjects,1
3252788801, ,1
2961731166,                       ,1
2868782895, ,1
78465193,Traveling   Cooking one hostel at a time ,1
1080786510,Anti  BSL   Animal Cruelty   AdoptDontShop   HuntTheHunters  UkCatKiller  OpBeast  OpTaiji  SentientBeings,1
568579411, ,1
1651736654,THE DOCTOR IS VR   ,1
2903627705, ,1
387038254, ,1
3032426165,New retirement section of  Telegraph  Follow us for lifestyle  travel and culture stories,1
80999737, ,1
4080075975, JUGGIE LIFE GO SUBSCRIBE TO MCJUGGERNUGGETS https   t co WPYZjcISSg HES THE BEST  D,1
4278258021, ,1
3250621111, ,1
453943990,The Journey Of Success Begins   BBM   EF  A  Gmail ScqulCarter gmail com  IG  thatsickson WhatsApp               ,1
2432695399,Official Twitter account for the book The Greatest Jewish Tennis Players of All Time by Sandra Harwitt,1
4038367361,The largest digital library of albums   mixtapes  Get unlimited access and downloads for ONLY        New releases are uploaded weekly  https   t co zzaL kzDeC,1
3227372866,  ,1
198912491,Serving the area since       with fire  smoke  and water damage restoration   Call us at                ,1
2349287108, ,1
2340187291,Free Spirit  Optimistic  Love Life  Tweets are personal  RTs are not endorsements,1
174667446,the ugly side of me is strong,1
2617230595,IT  SEO  Internet Marketing   MLM Marketing Consultant  SEM   Affiliate Marketer  Get Training To Post     day Live Craigslist Ads On My Site,1
875124919, ,1
1536911095,Sanggre  Prinsesa  ,1
2619185548, ,1
126523026,Mississippi Jobs,1
3289231435, ,1
544678058,loves pizza,1
111972836,Experience Selling  Social Selling  Story Selling  CX  UX    LanceScoular The Savvy Navigator  Navigating the Future  Brand Ambassador  beBee   Connect ,1
295603097,too cool to follow       GrowthHacker  Technology  Design  Art  UI  UX  Cool  RetweetKing  TeamBarca  August  ,1
612969870,Kansas City local coupons and deals ,1
2971319719,clothing indie karya anak bangsa,1
299394251,Computer enthusiast  Big Canucks fan  Proud Atheist  All views expressed here are my own ,1
102377428,Where the prices are SOFA KING low  the quality of the sofas is amazing and delivery is fast hence why The Sofa King is the UK s number   independent sofa store,1
1715866932,Leading finance advisory service providers offering expertise services in wide area Feel free to contact us for  Intraday classic  stock BTST and other services,1
3566757674, ,1
3421470951, ,1
2905394860,This is primarily my Soap Twitter account  although I ll sometimes get political  I m mainly a  GH fan ,1
3244706724, ,1
980236250, ,1
3860569152,  WINNER           ,1
326369679, ,1
589181865, EAT   LOVE    PRAY,1
2399877985,Hanae Mori Parfums is  fragrance and body care  line made in Paris for men and women worldwide and named for haute couture fashion designer Madame Hanae Mori ,1
3593771535, ,1
95108455,Since       our ongoing commitment to providing our customers with the finest jewelry  service  and honest  friendly expertise is at the core of what we do ,1
1101549631, ,1
3160976631, ,1
78054341,Tweets direct from Britain s most visited men s lifestyle site ,1
2978099653, ,1
40336947,Offering graduate level degrees  preparing pastors   counselors   educators   chaplains   theological leaders ,1
59073984,Best Independent Retailer   Echo Retail Awards       Call us on               or come and see us for expert advice ,1
18847106,We are a neighbor centered nonprofit committed to building sustainable community together  one household and block at a time  contact us  info welovelb org,1
3357946692,Online   Parts Superstore,1
73141088,We teach students to learn   Math  reading  writing  studing skills  ACT and SAT prep ,1
191123444,Bagarai   o seu portal de novidades  divers o  entretenimento e TECNOLOGIA ,1
2238437917,      ,1
2412972607,Marketing   Communications at  gdslink    etsu alumnus   Prior experience includes  senbobcorker   mountain states and  idology   Opinions   mine  ,1
224039405,CoffeeBlood  ChocoTaste  LiveHighheels  WearPerfume   LoveTV,1
3063996721, ,1
3734470346, ,1
2866224657, ,1
3225052286,I m a cool ass trans chick w  goals  ambitions   morals    So Come Correct or Don t Come At All   ,1
3012362696,Author sharing conscious healthy habits  wellness through plants  natural remedies and natural beauty   Sign up for FREE upcoming ebooks  http   t co udxXqtzoIK,1
317049274,Our service automatically categorizes text based feedback  providing actionable insight into the most important feedback categories and related sentiments ,1
3318703632, ,1
3247113450,I am a bot  I am learning to talk by reading everything Interfluidity writes  If I say something good  please give me a star ,1
26297156,Eu sou um cara trabalhador  honesto  bonito  charmoso e HUMILDE ,1
92840722, ,1
1449155815,Here to give you the latest Selena Gomez News  Selenator for life  She is our QUEEN ,1
2361049553,CHE    ,1
1394548280,Developer by day  Developer by night ,1
3177061729, ,1
321436860,Conservative Roundtable of Texas promotes and advances thoughtful  conservative solutions to the economic challenges facing Texas ,1
4067940749, ,1
576499978,Outdoor Shopping is happy to bring you high quality goods at affordable prices We specialize in everything camping  hiking  fishing  hunting and much more ,1
461197718, ,1
2512664264,                                              ,1
291772148,Every piece is square and fair right from our heart  Every piece is a keepsake,1
2249090276, ,1
3095754327,We are an independent publications company dedicated to bringing you hot stories full of excitement ,1
416366381, ,1
3435134091,tumblr   emmacarstairs    pinterest   jacesherondale,1
3258491597, ,1
3181441434,Mrs Australia Globe     aussie model  designer and best of all mummy ,1
24922764,As God as my witness I will fight for the blessed Light of Liberty ,1
330597583,We offer Muay Thai  Karate  Kickboxing  and Strength Training ,1
3131503199, ,1
2185310671,We help home health agencies grow and seniors find medical supplies  Call               PLZ RT  https   t co EV WjIh kd,1
2292832332,Ride with the Henson Brand and Our Family of Dealerships   We treat you like family ,1
39586129,This is the official Twitter page for the Corporate Nature s Table  That s good stuff   eatsmart,1
339366591,Digital Sales Specialist   Founder  iSymbolize Media   Founder   DCTechTrends   Seeking fulfilling opportunity in greater Washington DC   Rochester NY Area s ,1
3250192861,         ,1
118807279, ,1
1476991075, ,1
706835023, ,1
86691503,Plaats hier zelf een advertentie  SMS Tweet WoerdenN bericht naar          ct ,1
121422723,Deployed,1
428161313,Gamer   Tech reviewer with cool stuff to show you ,1
252499305, ,1
615419877,A Student Of Civil Engineering,1
25622254, ,1
1970260302,Do WhAt MaKeS U  hApPy until and unless its not ILLEGAL,1
3679821383,WE PROMOTE DJ MIXTAPES   ARTISTE   SONG LINK   TEAMSTRONGGROUP we hype,1
264491208,Father  husband  chef  car fabricator  boxer,1
1847841714, ,1
228838537,Animal lovers  Nat Geo Wild  Backpacker traveler  Singing  Food  Health  Art  Mobile Spa owner in the making  I don t entertain negativity ,1
2381471500, ,1
398415418,Welcome to Scotiabank s official Twitter page in the US Virgin Islands  We re here to listen  learn   connect with you  Phone        SCOTIA M   F   AM     PM,1
105786020, ,1
1916953958,art  thinking  looking  writing  relating  living  finding,1
3337612493,LONDON Golf Superstore and    bay Driving range Outside North Greenwich Tube Station Opposite the O  Arena SE    QE  NOW OPEN ,1
2733938400, ,1
4188494007,The Queen     ,1
465934469,Economist   Brand Executive  Huvid Connect   ICT    Database solution  Email  Peacemark huvidconnect com   https   t co GWDzwkksnT   IG  IamPeacemark,1
473556033,All the random facts  tidbits  nuggets and items you never knew existed  but you can t live without ,1
242821575,Providing tested products   great service to our customers The one constant should be that your gear works  period   AR    AK    AK   California legal parts,1
483194292,We at VISAGEMAIL offer FREE emailing for any small business online  All we ask for in return is that you provide us with    emails addresses from clients ,1
2833854266,Log Padh Lete Hain Meri Aankhon Se Tere Pyar Ki shiddat  Mujhse Ab Tere Ishq Ki Or Hifazat Nahi Hoti  ,1
253030995,Your truly local magazine  Making advertising affordable  Informing residents about local events   news in SE   https   t co ovrPhwMGqN,1
2901926526,A husband   wife team offering great items on eBay ,1
45459291,Father  Husband  Thinker  Writer  Professor  Blogger   Sophisticated troll  The rebirth of cool ,1
425501261,   yrs old  single   children boys  hs football baseball coach basketball referee very athletically active college educated semi intelligent lol    ,1
3160187534, ,1
87480775,just rtwt n the  bahai tag ,1
3177024890, ,1
1284586999, ,1
231214259,New Choreography      Shows      Nations  Museum Works              ArtSpaces  Guggenheim     USArts Ford     NYU CBA     Civitela     NT Serbia           Arab,1
3178168125,Check out our FB and YT pages as well https   t co  qV TdrOsO https   t co XFJeu Q Lz   ,1
2812540626,Welcome to Airblue official twitter account with a world of innovative and classic next generation fleet Follow us for exciting News   Offers  Flying Redefined ,1
2839975385, ,1
1324456993,Specialist model management for    to    year old fashion  photographic and commercial models ,1
3282462541, ,1
563640153,kenyan engineer and writer,1
149148123,Servicing the Naples  Bonita Springs  Estero  Fort Myers area  Your number one stop for vacation Rentals  Visit us on the web  http   t co  OicUiAQbE,1
3322210328,A Filipino fansite made for the one and only TAEYANG aiming to give you a daily dose of sunshine and more  BBMADEusONE  August        risewithsol gmail com   ,1
709602894,I m the pony behind PONY SHOW  the cutest pinkest gift shop in the land  Come see me at the store if you re in town      Porter Road  Nashville  TN       ,1
2994337777, ,1
1209812090,Here at Tier  Marketing Services  we provide our customers with the best direct mailing outreach that is available ,1
1097590657, ,1
2293801410,bato bato sa langit  matamaan tanga,1
2435346834,The domain  http   t co  bofzpst K   http   t co w E wqCB Z is for sale ,1
256342733,Daily ramblings about  my natural journey  things that irritate me  things that make me smile  things that make me go woe  I m also on YouTube ,1
252922634,Cocoa Daisy is a monthly kit club featuring scrapbooking  pocket scrapbooking  and planner kits ,1
113200771,Printers Post has been servicing the printing packaging  and sign industry in Australia and New Zealand for   years online,1
236580395,Ford dealer in Dixon  CA   Come see our large selection of new and used vehicles   days a week  Contact                for any questions ,1
108448895,I m a Senior Recruiter with Vitaver   Associates  Inc  Please contact me at tim c vitaver com or visit www vitaver com for more details on our job openings ,1
2409008486, ,1
75074429,American Iron Magazine is dedicated to all things American motorcycle  both  HarleyDavidson and  IndianMotorcycle,1
452297933,   Blackjack     Inner Circle     YG STAN here     NE  NOLZA      YG Family     ,1
4142993113,                     JUMP        ,1
2502317748,i like calum hbu,1
1143504584,I m who I am Say wat I mean mean wat I say I M AN EMPATH CLAIRVOYANT WICCA Follow me Echelon  Followback  Tomo answered my ques   VyRT  CookingWithTomo       ,1
2918873840, ,1
1651183375,Actor  Writer  Casting Director  Dreamer ,1
3303855346, ,1
284112256,Official foundation of  AmerUrological  Supporting urological research   patient education ,1
3201005265,DMs not really my thing  so don t be shocked if ignored  Only here to RT  look   comment  No Skype  Snap  FB or Insta  No      if this s your thing then jog on ,1
3074829696,Empowering  SMEs with tailored finance  allowing them to focus on what really matters   their business  Online business loans from         to            fintech,1
3862072934,At Naosumelife you will always find the products you want at prices you can afford from various brand like Hisky WLtoys Walkera  DJI JJRC ,1
25892900,Dutchess County Fairgrounds We re much more than a great County Fair   Gates open at   a for all events ,1
385904339,To book tickets contact us on               or visit https   t co CL lnuzxSq   TheOldRep ,1
4184692330,https   t co RksbeVwZnc is complete entertainment website for narrating Telugu  Hindi  Movie news ,1
19730650,Conservative   IT Professional  Knights Templar  Christian   Philosopher  Seeker of Wisdom in Faith and History ,1
575286156,Twitter of Winkworth West End offering property in the West End  including Bloomsbury  Holborn and Soho ,1
3388203011,Realist Nigga Out there  KeepingItReal,1
3149682218,keep calm and loves Jesus     D                               ,1
2835691706, ,1
132962961,Inspiring Leadership   Empowering Next Gen Professionals   Emerging as a Community,1
24594398,Plant based Cat Mom and Yogi   Project Manager in Healthcare IT ,1
18027311,International Party Rocker   Bookings  bookdjkontrol gmail com       of  WeAreTRPMSTR     remixjunkie,1
612521318,Breaking news about Guy Kawasaki  curated by  quiboatnews ,1
40307567,Experienced Global Talent Manager Director  Passionate re talent acquisition  performance management  self development and service excellence ,1
1617397705,Ram is interested in self help and personal development  He is trained in hypnosis and NLP ,1
4517021320,  KUR da Memur olarak  al  anlar n    ve Meslek Dan  man  kadrosuna ge irilmesi i in  al  an hesap ,1
28137647,National Write Your Congressman is a national nonpartisan news and information organization working for a better government  RTs not endorsements ,1
3026180435, ,1
1639245974,Loves Anime  Manga  Miraculous Ladybug and Pop JPop Music    Currently a   NEET  ,1
3062922338,This is the CAPRICORN only Twitter feed for http   t co  EsPIiNSgJ astrology info   Subscribe now for daily Capricorn horoscopes and wisdom ,1
288061685, XIA  angela   jackson exo   dance swim sing  donttruststrangers    little daughter of great Jesus,1
3430082386,All the Physical Education blogs by people in  or from  the UK ,1
448994100,A place to find all the cool gadgets and latest techie news  Need a gift idea  Easy peasy check it out   ,1
3400714546, ,1
923339203,Free Flu Shot Discount Coupon   Use this  Flu pon  discount coupon to save up to     on a flu shots,1
151717207,I love iPad and update latest iPad news to share with you ,1
3953605933,INSTAGRAM danny here ,1
717985927,I could be interesting sometimes     JUST    ,1
3281628907,                               ,1
115480038,https   t co Q OBOuH lK is a focused career site  powered by Nexxt  NexxtJobs,1
2864723044,Specializing in laser hair removal  Charlottesville Skin and Laser uses state of the art lasers and offers the latest anti aging techniques ,1
94274816,Crazy mommy ,1
3148448571,Maid Brigade is the leader in Green Cleaning services  Cleaning your home or office in a green and healthy way  All work is guaranteed  All maids insured,1
343033496,St  Paul s Episcopal Church in Cary is home to an active  caring  and diverse congregation of the Episcopal Diocese of North Carolina  All are welcome ,1
1628775798,My wife is possessive so i show here my naughty side Male     Husband Interested in divorsed females Couples and Group Orgy   online chat  fan of  swingersdesi,1
240399054, ,1
1953150691,We are the Kentucky State Chapter of the National Organization for Women  NOW  ,1
2241973103, ,1
250216906,Goldberg Segalla represents regional  national  and international clients in civil litigation and regulatory matters  Visit our website to learn more ,1
40122045,John Mongiovi is a Board Certified Hypnotist in New York City   http   t co DB  xv  fZ ,1
1955693167,Bachelor of Commerce  Finance,1
17611734, ,1
901571228, ,1
2360287380,We Empower People to Live Lives That Empower Them,1
234643375,saya minta maaf jika pengguna mengganggu kalian  twitter ini sudah dihack ,1
2401319456, ,1
1720506354,wwa           met little mix        ,1
84722723,GYROTONIC  Cleveland home of Inspiral Motion  We are a GYROTONIC   Pilates and Yoga studio located on the eastside of Cleveland  Do what moves you ,1
2947602791, ,1
2462643037,Reasonably priced Experienced SEO Services packages by the very best experienced company,1
2310916754, ,1
3418647669, ,1
1095760777,MGM Intraday uses neural network among with a basic strategy to predict price moves ,1
576341696,We keep youths posted,1
17373329,Arena Stage is alive as a center for American theater productions  diverse and innovative works from around the country and a love for nurturing new plays ,1
367189092, ,1
3269846737, ,1
3392865693,Promoter   Streetz MOMENT LIFE go check me out,1
2244351768,Take your music to new  with our  excellent SoundCloud Service,1
3051226182, ,1
339360417,Full time Realtor with Coldwell Banker who Specializes in Wellington  Royal Palm Beach and Loxahatchee ,1
17815585,THE news source for Northern Virginia  Get us in print  and online at http   t co Lj  dt QjH ,1
27187128, ,1
2242313196, ,1
28845134,Wisconsin       UWO BSW Graduate  Love the  Packers   Badgers   Bucks   GoldenEagles  and  Brewers   Chiver  CountryMusic,1
3332419978,                 Bergmann Kord                                                                                                  Volumed                         ,1
1316215032,Hatur Nuhun,1
4084149018,Find your purpose ,1
2853096616, ,1
2389459800, ,1
2956070925,The official twitter of GasmicMusic ,1
227697541,TELL THE WORLD THE TRUTH,1
144762144,http   t co o g DRbR T will be the next big online magazine to hit the net  NOTE  Still under construction,1
3313193810,An unfamiliar sensible old soul observing  Semi retired Marketing   Customer Service Mgr  Psychology   Visual Arts enthusiast  First time fan  M fan,1
3454511422,Het verhaal van   vrienden uit dezelfde stad  Allen professionele voetballers  Bia Kage   Mboyo  Vandenborre ,1
363068363, ,1
2750217476,Senior Account Manager,1
24183367,Ohio Fugitive Recovery Agents Association leadership since       Operating   hr Bail Bonds the brand since       Join our family we re hiring ,1
3244714110, nomad stories land on airstrip daily at        GMT,1
2464953955, ,1
3233325308, ,1
2895032444,One day your fav will smack your ass and call you baby girl                         ,1
3292941550,LSE s flagship interdisciplinary course  broadening and deepening students  understanding of the social sciences through analysis of pressing social issues,1
33211168,Broker Consultant for Companies that do Embroidery  Screen Printing  Imprinted Promotional Products  Signs  Banners   Keynote Speaker   Motivational Speaker,1
3383239815,Retweeting Our Amazon Posts help contribute to  wildgamestore Giveaways http   t co AmM YnbzeC,1
3385967848, ,1
41401673,Digital Stamps and More ,1
3152501892, ,1
1569475945,Community based and focused on all things WordPress ,1
505110999, ,1
799529424, ,1
3312653851, ,1
3688450693, ,1
3014398348,A vibrant and growing network of cross sector marine stakeholders  increasing capacity  collaborative impact and application of marine research ,1
282966767,Former Geography Editor at Sporcle,1
587035713,Healthcare today leaves us fearful  distracted and disempowered  We ve become victims in our blind quest for health and balance  It s time to wake up ,1
3219687284,New Business Associate For Google  Professional Profile for  KBC  PER  Please Send All Business Emails to Kbihlmeyer google com,1
3438185938, ,1
14626205,Journalists   sign up for free PR alerts http   t co Yo Xg Qn  PRs   publish your press releases directly to journalists http   t co F OmiSt  Tel              ,1
4157896858,We are a business that makes game apps for the app store  Our first game will be exciting and we cant wait to release it  Please support and follow us       ,1
3320971104,don t look down  just look your future,1
471071695, ,1
168437973,Daughter  sister  niece  friend  RN  MD,1
112802789,Private club in Maryland  consistently in Golf Digest Best in state ,1
3249478862, ,1
909537120, ,1
2751596682, ,1
1515532488, ,1
56843122,Author  content provider  editor  integrative life writing coach  and Reiki Master  What do you want to manifest  Contact me for a complimentary session ,1
3387713409, ,1
3625395143,rtx   lx   menx   dmx  qx    follows,1
892569745,My name is Garfield and I am here to show you how  We believe in the K I S S  approach to building our business   Keep It Super Simple Making Money,1
2175697710, ,1
3432336101, ,1
2952698183,Official Blog for http   t co  Mn CHSOXz Follow me and RT,1
533388903, ,1
260866109,Small business advice  Wordpress websites    email marketing stuff for the rest of us  Grab a cup of coffee and join the conversation  http   t co vNPxkO gdG,1
3167484837,News   Information    recreate a kissing scene from a movie   http   t co NVZuwtTiq ,1
27051027,Finding Genealogy in Tragedy   ,1
758034006, ,1
32737005,Music Production team from Texas  Follow us and enjoy the ride ,1
3378614589,Virtual Operations Support Teams for the Americas  VOST   Equipo de soporte digital en emergencias para las Americas ,1
2865679427, ,1
63524061,Leisure Fitness is passionately committed to providing the tools that will help you get fit and stay fit ,1
2574267014,Life is all about people helping people  if ya ll help people get what they want What you want will be there Get Healthy the Natural way  Do like to Save Money ,1
224252173, ,1
3692158217,Instagram Baileyvarble  ,1
1651770265, ,1
2309509747, ,1
2951281068,Customs Clearing   Forwarding Agent,1
3244949806, ,1
512276319,https   t co  WFq fKLF  makes it easy to build your business through opt in text marketing ,1
3199654396,            ,1
292005138, ,1
2995344139, ,1
3145976002,Living life ,1
3184592250, ,1
3396939995, ,1
3160025664, ,1
2482090896,Social Media and Startup promoter  PR News release   Technology and Bitcoin enthusiast ,1
1035280226, ,1
17621767,Policy Innovations is the  carnegiecouncil magazine for  socialinnovation and global ethics  We talk about doers not bystanders  Follow us on Facebook ,1
3483877814, ,1
3309257997,                                                                        ,1
3241481532, ,1
250972909,Doing my best to do my best in an ever changing world ,1
3243073841, ,1
1661470322, ,1
2741930067,Text Request is an online business texting service  Send and receive texts  manage groups  integrate with your CRM  and more using your current business number ,1
463256144, ,1
3709252467,Vou Ajudar Na Vota  o Do Nosso PR NCIPE JustinBieber  D em RT Em Tudo Que Eu Posto OBG,1
260800657,English Speaking Jobs in Portugal,1
2157063013, ,1
703335756,Our mission is to serve people of all ages  races and genders affected by HIV AIDS  We fund bold  visionary   brave trailblazers determined to end the epidemic ,1
29488860,editor in chief of Eurodressage  the world s largest dressage website  est         Dressage addict   Food  book and movie lover   Fitness   lifestyle aficionado,1
392501209,no one   just a working drone trying to get  by  please no one under    and no women,1
21336054,I m striving to make a positive difference by advocating   acting to advance peace  justice   equality for all people  RTs are to educate  not always endorse ,1
90880405,We are a team of     professionals  ICO   SEO experts   our team handled      projects   bitcoin  ico  Token  Ethereum  cryptocurrency  ,1
181572101,social justice advocate  back in STL via Chicago  WashU Brown School      Princeton University      Politics   AfAm Studies  views mine  follows   endorsements ,1
2758991280,Beer geek  Zombie fan  Analyst  Total communicator  Devoted tv junkie ,1
935717924,Everything you want to know about Dr Spencer Reid and Matthew Gray Gubler  We follow back,1
3013038044,When you want exceptional clothing   accessories look no further than THE HIP HICKS BOUTIQUE  Come in today for the latest apparel at EXCEPTIONAL PRICES ,1
375437372,Scaring up traffic for your website  https   t co tnebmSnFfr,1
843730418,Buyer  Seller  Collector of all things Vintage  Married with   children    dog  Writer  Homemaker ,1
3387512331, ,1
469306120,My very own thoughts suffocate me ,  0
122646992, ,  0
1031655967,Holy Cross    , 0
333143589,SPORTS EDITOR who is madly in love with Cricket  Football  Hockey  like to follow all sports  ,  0
393578483,I m a mess  I confess ,  0
2366156712,Cayden Jann, 0
727448640,K ,  0
209262106, ,  0
477989973,I m His   ,  0
3268602666,Communications Director  Reporter  Photographer  Web Developer  Publicist  Activist   Volunteer , 0
47241295,Lucy Quinones is a thriving  energetic  businesswoman with a keen passion for being a personal encourager and empowerer of other business people ,   0
15976691,  Victor the SnakeMannn   Jedi Master   TeaPartyRepublican   Photojournalist JewelryDesigner R R Roadie to the Stars Clean Sober since          I say Fuck a lot,   0
30451290, ,   0
28747261,Scriptwriter  author  digital nomad  Film is my passion    Founder of  jeprutid  IG    info jennyjusuf com I Instagram   jennyjusuf,   0
108425531,Londoner  Arsenal through and through  Sustainability Consultant  Amateur Photographer ,  0
2998417670,     kid   Lycean Pirate   Psychologist in the making   Coffee lover   Nocturnal   IG   socallmemaeby, 0
2422320374,Youth Rugby Team, 0
1124003922, , 0
791780606,not drunk drunk  but I have had some wines,  0
323288281,Are you going to say hi  or what   What ,  0
2856107910,lover of my Savior  Dakota   the beach   teamNoah  teamParker, 0
612999090, ,  0
2372338144,sc  lexi    , 0
3420905129,     germany poland   nurse to be, 0
1233652698, , 0
858038708,I am Kaito Kid  the Magician of the Silver Sky  Role playing and Tweeting quotes from anywhere and everywhere   D,  0
433617525,umw    ,  0
57197093,If there are no dogs in Heaven  then when I die  I want to go where they went     Will Rogers ,   0
315476130,Crunchyroll   Chill  I m    like to play video games watch anime and I have hair on my balls Pisces Unarmed Black Male,  0
3324904868,I m a giraffe   , 0
35528306, Intelligence plus character  that is the goal of true education     ,   0
31457139,be kind to one another   alpha phi  ,   0
1252151778,call me sierra burgess because I am in fact   a loser , 0
574270581, ,  0
460143667, ,  0
3188365045, , 0
570456177, RestInParadiseDeserai  RipMikeParker    FreeAce Bodean    FreeStoopLupe    EastEndLegend   B O    TexansNation,  0
56207114, ,   0
445142568, ,  0
484731323,I LOVE SPORTS  SCIENCE AND HUMANITY,  0
2855378633,Abortion Rights Scotland is part of  Abortion Rights  the UK s pro choice campaign  https   t co TfaOfLW Oj, 0
2582740788,people fear what they do not understand, 0
1058270342,EPM Scientific is a global Life Science recruitment specalist , 0
3384265881, , 0
121230858,Editorial director of Henry Holt Books for Young Readers  Visit https   t co  jPdEn kRf,  0
3060478163, , 0
406409513, ,  0
3949010962,moved to  taeyeontwt, 0
3236736642, , 0
346866777,I m kind of a big deal,  0
1111607167,read tweets, 0
334653607,IG   NtoshJuly Ntokozo      gmail com,  0
3288842234,Thinker  creator   observer of society  The more u ask the opinion of others the more u lose ur own  Love my kids  football  and food I should not eat anymore , 0
2824442557,Don t Go Breaking My Heart  just Go Your Way and find Somebody to Love, 0
1239749712,  , 0
81775109,Aimer Enthusiast  Jack of all trades master of none,   0
21665671,Outdoor sports  Steelers  Penguins  Pirates  Jimmy Buffett  and Kristi all make me happy     ,   0
2557828094,Somewhere between really nice and a complete asshole , 0
2809209216,my squishy boy Do kyungsoo     OT  forever     , 0
178723576,entusiasta da regata e do pica pau,  0
2484523928,Bad boy of brookes, 0
1146556242,      look at you wid ya bad selffffffff, 0
988412814, ,  0
479258753,bye,  0
1287101636,Transportation planning is my full time job   B C Cycling is my other full time job , 0
112165657,                              ,  0
1688566994, , 0
2225455784,   year old licensed Cosmetologist  training Esthetician  avid concert goer  and music freak, 0
2805340929,I m on my natural high   , 0
379521795, por favor mant ngase alejado de las puertas ,  0
904594663,I just really love cats and coffee ,  0
16478990,All opinions are my own and may not reflect the position of any of the organizations I serve ,   0
188084143,   ,  0
122028183,ig mhuichaba,  0
759301404,     IT Intern at Six Flags St  Louis   UMSL CS,  0
3116720165, Insert something clever here     sc  cbrower , 0
2471384604,Contributing to a  sustainable way of life by offering commercial  solar design and consulting services  Discovering ways to harness indigenous  energy sources , 0
2614587271,   f lesbian  my name is sarah   im just here for a laff mate  my full time job is provoking keith fans, 0
3754391533,                       , 0
1626740209,You re not alive Unless you re Livin   italian, 0
29262091,Min Lisa   F   TeamFerrari   ManUtd   Music keeps me sane,   0
4138138633, , 0
38514217,Scorpio   INFP   Travail en cours ,   0
2386674962,Xbox Gamertag   Mankind                                          Proud Xbox Gamer, 0
221689793, ,  0
4627816519,    , 0
352200933,  Husband of  beatakristina    Music Teacher,  0
280160615,start living before you start dying,  0
612008802,MANCHESTER UNITED FC ,  0
971005488,  thank you for coming jane     you re welcome dick   fan account,  0
2448430657,GUSH                  Thessalonians       , 0
3251670366,We  TNR and advocate for  FeralCats   communitycats and  stray or  abandoned  cats and  kittens  everywhere   Come join us , 0
2898613700,Where will leadership take YOU  Leadership college  ualberta   PLLC, 0
276837866,HAPPINESS IS ALWAYS A FREAKING CHOICE                                                                Nang IWAN ka  SO DONT STALK ,  0
485875150,From London to Leeds via Ipswich  My views are mine and mine only  Bolly    on Twitch  bollythewolf on Xbox Live   COYS,  0
20100340,Irish Catholic History Music Politics  Tweeting in a personal capacity ,   0
1511686806,Libra   Estamos bien   , 0
2604430016,sux, 0
246377868,Enthusiastic amplifier  AIM Flourish Director  Movement Flourishing  sustainability  SDGs  CSR  socent  GlobalGoals Sea kayaker  Indefatigable optimist,  0
90638768,Pittsburgh sports fan  cyclist  triathlete  gamer  engineer  and dad ,   0
903073842,UTP   Mechanical Eng    Six packs and jawline are coming soon ,  0
4415645845, , 0
95760717,we re building the nobody network of everybody  ninja org,   0
1661700032,      , 0
153468579, ,  0
1896488527, , 0
260848068,IG  pettykiy Taurus   ,  0
1703381502,Fashion Bridal   Makeup enthusiast   Day dreamer   Night thinker   Foodie   Tea lover   Shoeaholic   Hopeful romantic   Eat  Pray  Slay      , 0
1105326235, , 0
3713829252, thin  , 0
3867326773, , 0
551275129, ,  0
613744186,Prof  of biotechnology at UNL  Interested in developing tools for functional genomics   implementing genetic engineering for plant germplasm enhancement ,  0
4203264747, chaelisa    i have loved you in infinite forms  infinite times and will love you forever  red velvet means family  love and unit          , 0
4097930772, Pepper    FB                     A, 0
1308605071, , 0
264288300,President  bridgemetrics  Empowering direct and in direct sales teams to engage today s buyer    SocialSelling  ContentMarketing  ChannelMarketing,  0
329191487,always try your best ,  0
2522367901,   A G       D s        A                                to the precious ones  The second   out of three    NSFW, 0
701628758,MARRIED     It s a girl     Why is you on my pageeee I thought you ain t like me  ,  0
278664837,  Take me back to Korea  ,  0
211709952, ,  0
3401279579,Dream as if you ll live forever  live as if you ll die today, 0
87592296,Instructional Technology Specialist Student Data Privacy Authentic Technology Integration Doing What Is Best For Students Lewisville ISD,   0
3312287280,Dem AlDub Feels be overflowin     Mention for a Follow  D, 0
97026960,Canadian gal who likes to enter  and win  sweepstakes ,   0
2689416583,BVF, 0
609101738,Chef to be ,  0
391778402,I exist because you imagine I do ,  0
55776825,lover of all things beautiful    ,   0
603333105,Independent consultant   owner of GROUNDED AGRONOMY PTY LTD ,  0
35798732,Sandusky City Manager  Lover of cities  comic books  the north woods  and the Great Lakes ,   0
1240102604, , 0
468051558, AwooCru  Snorgie  snep corgi  a what ever mechanic  hobbiest  geek an gamer  Overall I m just a silly person      Pan Poly   ISTJ  AD   KinkyCorgiAD,  0
81266106,    CowboysNation   ,   0
2391773533,Westerville Central High School    , 0
2541380852,down for u, 0
268751128,trust the process ,  0
1709484829,Awarding fresh talents in the Music industry   ktcacooperates gmail com, 0
2277481329, , 0
3317190734,im a cool cat  check meowt, 0
703165878,Musician  Writer ,  0
135563416,Editor of the Fairfield Citizen News  the Westport News  the New Canaan News and the Darien News for Hearst Connecticut ,  0
2361870980,Doing my best to build positive habits  My goal is to help others do the same  one  small  step  at  a  time  Creating small habits to achieve BIG goals , 0
595155450,keep god first ,  0
324597468,Photographer  Wife  Mom  Operations Director   https   t co  IEWZhIhB    Architect of People and Dreams  Empowered Empower,  0
101543796,Un peu de tout     de la Formation  des RH  du e learning  Habitante de  Courbevoie,  0
49775161,Hangry ,   0
307518247,Christian homeschool mom and blogger  Sharing information and content that I find about homeschooling ,  0
857313176,fake it until you love it,  0
72191001,Random thoughts sparked by Music or God      characters at a time,   0
563940506, ,  0
1473009950, , 0
31539524,     Hi I m Krystal   Gamer Movie Lover     Wannabe Yogi   Learn Why R F Is The     Skincare Brand      Day Money Back    Creulty Free   Save     Now,   0
2819670100, , 0
2195466974,Belieber forever        , 0
610388964,Loughborough Uni,  0
1913843024,The English Club is interested in learning and teaching English    taibahu, 0
2615353014,Trade Commissioner   The views expressed on this page are my own , 0
19079207,bad jokes and inspirational quotes   ,   0
398069665,I m use to losses  so when I win  I win      ,  0
220494041,Vice President of Investments at Stifel Financial in Southfield  MI ,  0
350114766,Boy Mom to Rune  Chef s wife  Detroit Sony Photog  Photos in Rolling Stone  Wall Street Journal  Forbes  E   Hard Rock Cafe  Warner Bros  etc ,  0
2329415154,snapchat   katiemarie                                         Christopher  , 0
104451533,Followers of Jesus Christ    A plastic fans of Chelsea Football Club    Kukang Family,  0
38518613,wife  dog mom  boy mom  living off of coffee and baby snugs ,   0
297149422,zoe gal      ASU    ,  0
1077652021,Latest club music  studio production  and Ibiza lifestyle news   collected by the Balearic  Chillout music project https   t co  LF  xeqCd , 0
213335073,Rant about Cardiff Blues and Welsh rugby   Views my own ,  0
127110363,Husband  Pokemon master  boxer  beer nerd  netflixer  Pistons fan  art lover  shit talker  non competitive eater  binge drinker and other adjectives,  0
561631178,Mommy of   amazing daughters that are my world ,  0
271458239,If you have to do surgery with a kitchen knife  at least wipe off the jam first ,  0
